{"mean":{"confidence_interval":{"confidence_level":0.95,"lower_bound":21290042.692416664,"upper_bound":21526502.22258333},"point_estimate":21405479.023333337,"standard_error":60464.44004002978},"median":{"confidence_interval":{"confidence_level":0.95,"lower_bound":21077506.833333336,"upper_bound":21530847.333333332},"point_estimate":21356916.666666664,"standard_error":115040.22844826516},"median_abs_dev":{"confidence_interval":{"confidence_level":0.95,"lower_bound":470705.22944331536,"upper_bound":819126.1072576046},"point_estimate":736728.6369204484,"standard_error":97906.08003587148},"slope":null,"std_dev":{"confidence_interval":{"confidence_level":0.95,"lower_bound":519079.30075678125,"upper_bound":686678.4665898192},"point_estimate":607061.3995018153,"standard_error":42823.26116036148}}