{"mean":{"confidence_interval":{"confidence_level":0.95,"lower_bound":832.5661345499017,"upper_bound":842.2375398454681},"point_estimate":837.0857723657075,"standard_error":2.473252558379119},"median":{"confidence_interval":{"confidence_level":0.95,"lower_bound":827.0291935035666,"upper_bound":830.7584748025743},"point_estimate":829.1008267336642,"standard_error":0.9988135480132481},"median_abs_dev":{"confidence_interval":{"confidence_level":0.95,"lower_bound":5.99033356502181,"upper_bound":11.452394039592042},"point_estimate":8.471019433282908,"standard_error":1.3721543470918416},"slope":{"confidence_interval":{"confidence_level":0.95,"lower_bound":840.1118493168709,"upper_bound":859.9252618452243},"point_estimate":849.9524741373297,"standard_error":5.057793895002818},"std_dev":{"confidence_interval":{"confidence_level":0.95,"lower_bound":16.746272479412813,"upper_bound":32.64706663405763},"point_estimate":24.93717234899569,"standard_error":4.116277544660295}}