{"mean":{"confidence_interval":{"confidence_level":0.95,"lower_bound":5004462.589555556,"upper_bound":5065303.4930833345},"point_estimate":5033779.673333335,"standard_error":15516.552499684387},"median":{"confidence_interval":{"confidence_level":0.95,"lower_bound":4982393.444444444,"upper_bound":5021173.611111112},"point_estimate":5005791.611111111,"standard_error":11481.88542299847},"median_abs_dev":{"confidence_interval":{"confidence_level":0.95,"lower_bound":77445.1745917399,"upper_bound":152738.68478834652},"point_estimate":110724.8491009071,"standard_error":19033.717377080997},"slope":null,"std_dev":{"confidence_interval":{"confidence_level":0.95,"lower_bound":125953.98511288258,"upper_bound":182745.84410105547},"point_estimate":155979.94897139436,"standard_error":14543.603377215097}}